,ALBERTA_floods_,UVIC_Government,UVIC_Research_C,ALBERTA_humanit,TORONTO_tspace-,UVIC_anarchist_,UVIC_Faculty_As,ALBERTA_fort_mc,UVIC_Websites-u,UVIC_environmen,ALBERTA_ottawa_,WAHR_exln42-all,UVIC_Calendar,ALBERTA_health_,TORONTO_panam,UVIC_trans_web-,UVIC_News-urls.,UVIC_50thAnnive,ALBERTA_energy_,UVIC_at_risk_we,ALBERTA_edmonto,ALBERTA_web_arc,ALBERTA_heritag,ALBERTA_prairie,ALBERTA_governm,WAHR_panamapape,TORONTO_snowden,UVIC_Digital_Sc,ALBERTA_oil_san,ALBERTA_lfranco,ALBERTA_educati,ALBERTA_canadia,WAHR_ymmfire-ur,ALBERTA_idle_no,UVIC_bc_teacher,ALBERTA_univers,ALBERTA_hcf_onl,ALBERTA_western
ab.ca ,True,False,False,False,False,False,False,True,False,False,False,True,False,True,False,False,False,False,True,False,False,True,True,True,True,False,False,True,True,True,True,False,True,True,False,True,True,False
ac.uk ,False,False,True,True,True,False,False,False,True,False,False,True,False,True,False,False,False,False,False,False,False,False,False,True,False,True,True,True,False,True,True,False,True,True,False,True,False,False
addthis.com ,True,True,False,True,True,True,False,True,True,False,True,False,False,True,True,True,True,False,True,False,True,True,False,True,True,False,False,True,False,True,True,False,False,True,True,True,False,True
adobe.com ,True,True,True,True,True,True,False,True,True,True,False,True,False,True,True,True,False,True,True,False,False,True,True,True,True,True,True,True,True,True,True,False,False,True,True,True,True,True
adsrvr.org ,True,True,False,True,True,False,False,True,False,False,True,False,False,False,True,False,True,False,False,False,False,True,False,True,True,False,True,False,False,True,False,False,False,True,True,False,False,False
akamai.net ,True,False,False,False,False,True,False,True,False,False,False,False,False,True,False,False,False,True,False,False,False,False,False,True,True,False,False,False,False,False,False,False,False,True,False,True,False,False
akamaihd.net ,True,False,False,True,True,False,False,True,True,False,False,True,False,False,True,False,False,False,False,False,False,True,False,True,True,False,True,False,False,True,False,False,False,True,True,True,False,True
alberta.ca ,True,False,False,False,False,False,False,True,False,False,False,True,False,True,False,False,False,False,True,False,False,True,True,True,True,False,False,False,True,True,True,False,True,True,False,True,True,False
albertahealthservices.ca ,False,False,False,False,False,False,False,True,False,False,False,False,False,True,False,False,False,False,False,False,False,True,False,True,True,False,False,False,False,True,True,False,True,True,False,True,False,False
aljazeera.com ,False,False,False,False,True,False,False,False,False,False,True,True,False,False,False,False,False,False,False,False,False,True,False,True,False,True,True,False,False,True,False,False,True,True,False,False,False,False
amazon.com ,True,False,False,False,True,False,False,True,False,False,False,True,False,False,False,False,False,False,False,False,False,True,False,True,True,True,True,True,False,True,False,False,True,True,True,True,True,False
amazonaws.com ,True,False,False,True,True,False,False,True,False,False,False,True,False,True,False,False,False,False,False,False,False,True,False,True,True,True,True,False,False,True,False,False,False,True,False,False,False,False
ammsa.com ,False,False,False,False,False,False,False,False,False,False,False,True,False,True,False,False,False,False,False,False,False,False,True,True,True,False,False,False,False,False,False,False,True,True,False,True,True,False
aol.com ,True,False,False,True,True,False,False,True,False,False,False,True,False,True,False,False,False,False,False,False,False,True,False,True,True,True,True,False,False,True,False,False,False,True,True,False,False,False
ap.org ,False,False,False,False,True,False,False,True,False,False,False,True,False,False,False,False,False,False,False,False,False,False,False,True,False,True,True,False,False,True,False,False,True,True,False,False,False,False
apple.com ,True,True,True,True,True,False,False,True,True,True,False,True,False,True,False,False,False,True,True,False,False,True,True,True,True,True,False,True,False,True,True,False,True,True,True,True,True,True
appspot.com ,True,False,False,True,True,False,False,True,False,False,True,True,False,True,False,False,False,False,True,False,False,True,False,True,True,True,True,False,False,True,False,False,False,True,True,True,False,False
archive.org ,False,False,False,False,True,True,False,True,False,False,False,True,False,False,False,False,False,False,False,False,False,True,False,True,True,True,True,True,True,False,False,False,False,True,False,True,False,False
bandcamp.com ,True,False,False,False,True,True,False,False,True,False,False,True,False,False,False,False,False,False,False,False,False,True,False,False,True,True,False,False,False,True,False,False,True,True,False,False,False,False
bbc.com ,False,False,False,False,True,False,False,True,False,False,False,True,False,False,False,False,False,False,False,False,False,True,False,True,False,True,True,False,False,True,False,False,True,True,False,False,False,False
bc.ca ,True,True,True,False,True,True,False,False,True,True,False,True,False,True,False,False,False,False,True,False,False,True,True,True,True,False,False,True,True,True,True,False,True,True,True,True,True,False
bing.com ,False,True,False,False,True,False,False,True,False,True,False,False,False,False,False,False,False,False,False,False,False,True,False,False,True,False,False,False,True,True,False,False,False,True,True,False,False,False
bit.ly ,False,True,False,True,True,True,False,True,True,False,False,True,False,True,True,True,False,False,True,False,False,True,False,True,True,True,False,False,True,True,False,False,True,True,True,True,False,False
bitly.com ,False,False,False,False,True,False,False,True,False,False,False,True,False,False,False,False,True,False,False,False,False,False,False,True,True,True,False,False,False,True,False,False,True,True,True,False,False,False
bitworking.org ,False,True,False,True,True,False,False,True,True,False,False,False,False,True,False,True,False,False,True,False,False,True,False,True,True,False,False,False,True,True,False,True,False,True,True,False,False,False
blackberry.com ,True,False,False,False,True,False,False,True,False,False,False,False,False,False,False,False,False,False,False,False,False,True,False,True,True,True,False,False,False,False,False,False,True,True,True,False,False,False
blogblog.com ,True,False,False,True,True,True,True,True,False,False,False,False,False,True,False,True,False,False,False,False,False,True,False,True,True,False,True,False,False,False,False,False,False,True,True,True,False,True
blogger.com ,True,False,False,True,True,True,True,True,False,False,False,True,False,True,False,True,False,False,False,False,False,True,False,True,True,True,True,False,False,False,False,False,True,True,True,True,False,True
blogspot.ca ,True,False,False,False,True,True,True,True,True,False,False,True,False,True,True,False,False,False,False,False,False,True,False,True,True,True,True,True,False,True,False,False,True,True,True,True,False,True
blogspot.com ,True,False,False,False,True,True,True,True,True,True,False,True,False,True,False,False,False,False,True,False,False,True,True,True,True,True,True,True,True,True,False,False,True,True,False,True,True,True
bloomberg.com ,True,False,False,False,True,False,False,True,False,False,False,True,False,True,False,False,False,False,False,False,False,False,False,True,False,True,True,False,False,True,False,False,True,True,False,False,False,False
bluekai.com ,False,True,False,True,True,False,False,True,False,False,True,False,False,True,True,False,True,False,True,False,False,True,False,True,True,False,True,False,False,True,False,False,False,False,False,True,False,False
boomvideo.tv ,True,True,False,False,False,True,False,False,False,True,False,False,False,False,False,False,True,False,False,False,False,True,False,True,True,False,False,False,False,False,False,False,False,True,False,True,False,False
buzzfeed.com ,False,False,False,False,True,False,False,True,False,False,False,True,False,False,False,False,False,False,False,False,False,True,False,True,False,True,False,False,False,True,False,False,True,True,True,False,False,False
calgaryherald.com ,True,False,False,False,False,False,False,True,False,False,False,True,False,True,False,False,False,False,True,False,False,False,False,True,True,False,False,False,True,True,False,False,True,True,False,True,False,False
canada.com ,True,False,False,False,False,True,False,True,False,False,True,True,False,True,False,False,False,False,False,False,False,True,False,True,False,True,False,False,False,False,False,False,True,True,True,True,False,False
canadahelps.org ,False,True,False,False,False,True,False,False,False,False,False,True,False,True,True,False,False,False,False,False,False,False,False,False,True,False,False,False,False,True,False,False,True,True,False,True,False,False
canoe.ca ,True,False,False,False,False,False,False,True,False,False,False,True,False,False,True,False,False,False,False,False,False,False,False,True,True,True,False,False,False,True,False,False,True,True,False,True,False,False
canoe.com ,False,False,False,False,False,False,False,True,False,False,False,True,False,False,True,False,False,False,False,False,False,False,False,True,True,True,False,False,False,True,False,False,True,True,False,False,False,False
cbc.ca ,True,True,True,True,False,False,False,True,True,True,True,True,False,True,True,True,False,False,False,False,False,True,False,True,True,True,True,False,True,True,False,False,True,True,True,True,False,False
cbsnews.com ,False,False,False,False,True,False,False,True,False,False,False,True,False,False,False,False,False,False,False,False,False,False,False,True,False,True,True,False,False,True,False,False,True,True,True,False,False,False
change.org ,False,False,False,False,True,False,False,True,False,True,False,True,False,False,False,False,False,False,False,False,False,False,False,True,False,True,False,False,False,True,False,False,True,True,True,False,False,True
chartbeat.com ,True,False,True,False,True,False,False,True,False,False,False,True,False,True,False,False,False,True,False,False,False,True,False,True,False,False,True,False,True,True,False,False,False,True,True,True,False,False
clicktale.com ,True,False,True,True,True,False,False,True,False,False,True,False,False,False,False,False,False,False,False,False,False,True,False,True,True,False,True,False,True,False,False,False,False,True,True,True,False,False
clicktale.net ,True,False,True,True,True,False,False,True,False,False,True,False,False,False,False,False,False,False,False,False,False,True,False,True,False,False,True,False,True,False,False,False,False,True,False,False,False,False
cloudflare.com ,False,False,False,False,False,True,False,True,False,False,False,False,False,True,False,False,False,True,True,False,False,True,False,False,True,False,False,False,True,True,False,False,False,True,False,False,False,False
cloudfront.net ,True,False,False,True,True,False,True,True,False,False,True,True,False,False,True,False,False,False,False,False,False,True,False,True,True,False,True,False,False,False,True,False,False,True,True,False,False,False
cnet.com ,False,False,False,True,True,False,False,False,False,False,False,True,False,False,False,False,False,False,False,False,False,True,False,False,True,True,False,False,False,True,False,False,False,True,False,True,False,False
cnn.com ,False,True,False,False,True,False,False,True,False,False,False,True,False,True,False,True,False,False,False,False,False,False,False,True,True,True,True,False,False,True,False,False,True,True,True,True,False,False
co.nz ,False,False,False,False,True,False,False,True,False,False,False,True,False,False,False,False,False,False,False,False,False,False,False,True,True,True,True,False,False,True,False,False,False,True,True,False,False,False
co.uk ,True,True,False,True,True,True,False,True,False,False,True,True,False,True,False,True,False,False,True,False,False,True,False,True,True,True,True,True,False,True,False,False,True,True,True,True,False,False
co.za ,False,False,False,False,True,False,False,True,False,False,False,True,False,False,False,False,False,False,False,False,False,False,False,False,True,True,True,False,False,True,False,False,True,True,False,False,False,False
com.au ,True,False,False,False,True,False,False,True,False,False,False,True,False,True,False,False,False,False,False,False,False,True,False,True,True,True,True,False,False,True,False,False,True,True,True,True,False,False
com.br ,False,False,False,False,True,False,False,True,False,False,False,True,False,False,False,False,False,False,False,False,False,False,False,True,True,True,True,False,False,True,False,False,False,True,True,False,False,False
conferenceboard.ca ,False,False,False,False,False,False,False,True,True,False,False,True,False,True,False,False,False,False,False,False,False,False,False,True,False,False,False,False,False,False,False,True,True,True,False,True,False,False
creativecommons.org ,True,False,True,False,True,False,False,True,True,False,False,False,False,True,False,False,False,False,False,False,False,True,False,True,False,False,False,True,False,True,False,False,False,True,True,True,False,True
ctv.ca ,True,False,False,False,True,False,False,True,False,False,True,True,False,False,False,False,False,False,False,False,False,True,False,True,True,False,False,False,True,False,False,False,False,True,True,True,False,False
dailymotion.com ,True,True,False,True,True,False,False,True,False,False,False,True,False,False,False,False,False,False,False,False,False,True,False,True,True,True,False,False,False,True,False,False,True,True,False,False,False,False
delicious.com ,False,True,False,False,True,True,False,True,False,False,False,False,False,True,False,False,False,False,False,False,False,False,False,True,True,False,False,False,False,True,False,False,False,True,False,False,False,False
disqus.com ,True,False,True,True,True,False,False,True,False,False,True,False,False,True,False,False,False,False,True,False,False,True,False,True,True,True,False,False,True,False,False,False,False,True,True,False,False,False
doubleclick.net ,False,True,False,True,True,True,True,True,False,False,True,False,False,True,True,False,True,True,True,False,False,True,False,True,True,False,True,False,False,True,False,False,True,True,True,True,False,True
dublincore.org ,True,True,True,True,True,True,True,True,True,False,False,False,False,True,True,True,False,True,True,False,False,True,False,True,True,False,False,True,True,True,True,True,False,True,True,True,False,True
economist.com ,True,False,False,False,True,False,False,False,False,False,False,True,False,False,False,False,False,False,False,False,False,False,False,True,False,True,True,False,False,True,False,False,True,True,False,False,False,False
edmonton.ca ,True,False,False,False,False,False,False,True,False,False,False,True,False,True,False,False,False,False,False,False,False,True,False,True,True,False,False,False,False,True,False,False,True,True,False,True,False,False
edmontonjournal.com ,True,False,False,False,False,False,False,True,False,False,False,True,False,True,False,False,False,False,True,False,False,True,False,True,True,True,False,False,True,True,False,False,True,True,False,True,False,False
etsy.com ,True,False,False,False,True,False,False,True,False,False,False,True,False,False,False,False,False,False,False,False,False,False,False,False,True,True,False,False,False,True,False,False,True,True,False,True,False,False
europa.eu ,False,False,False,False,True,False,False,False,False,False,False,True,False,True,False,True,False,False,False,False,False,True,False,True,False,True,True,False,False,True,False,False,False,True,False,False,False,False
eventbrite.ca ,False,True,False,False,False,False,False,False,False,False,False,True,False,False,True,False,False,False,False,False,False,False,False,True,True,False,False,False,False,True,False,False,True,True,False,False,False,True
eventbrite.com ,False,False,False,False,True,False,False,False,False,False,False,True,False,True,False,False,False,False,False,False,False,False,False,True,True,True,False,False,False,True,False,False,True,True,False,True,False,False
facebook.com ,False,True,False,False,True,False,True,True,True,True,False,True,False,True,True,True,True,True,True,False,False,True,False,True,True,True,True,True,False,True,True,False,False,True,True,True,False,True
fb.me ,False,False,False,False,True,False,False,True,False,False,False,False,False,False,False,False,False,False,False,False,False,True,False,True,True,True,False,False,False,True,False,False,False,True,True,False,False,False
fbcdn.net ,False,False,False,False,False,True,False,True,True,False,False,False,False,False,False,False,False,True,False,False,False,False,False,True,False,False,False,False,False,False,False,False,False,True,True,True,False,True
financialpost.com ,True,False,False,False,False,False,False,True,False,False,False,True,False,False,False,False,False,False,False,False,False,False,False,True,False,True,False,False,False,True,False,True,True,True,False,True,False,False
flickr.com ,True,False,True,True,True,True,False,True,True,True,False,True,False,True,True,False,False,True,True,False,False,True,False,True,True,True,True,True,True,True,False,False,True,True,True,True,False,True
foreignpolicy.com ,False,False,False,False,True,False,False,False,False,False,False,True,False,False,False,False,False,False,False,False,False,True,False,True,False,True,True,False,False,True,False,False,True,True,False,False,False,False
gc.ca ,True,True,True,True,True,False,False,True,True,True,False,True,False,True,True,False,False,False,True,False,False,True,True,True,True,True,False,True,True,True,True,True,True,True,True,True,True,False
getpocket.com ,False,False,False,False,True,True,False,True,False,False,False,True,False,False,True,False,False,False,False,False,False,True,False,True,True,True,False,False,False,False,False,False,False,False,False,False,False,False
globalnews.ca ,True,True,False,False,False,False,False,True,False,True,True,True,False,True,True,True,False,False,False,False,False,True,False,True,True,True,False,False,False,True,False,False,True,True,True,True,False,False
gmail.com ,False,True,False,False,True,False,False,True,True,False,False,False,False,False,True,False,False,False,False,False,False,False,False,True,True,False,False,False,False,True,False,False,False,True,False,True,False,False
gmpg.org ,True,True,True,True,True,True,True,True,True,True,True,False,False,True,True,True,True,True,True,True,False,True,False,True,True,False,False,True,True,True,True,True,False,True,True,True,False,True
gofundme.com ,False,False,False,False,True,False,False,True,False,False,False,True,False,False,False,False,False,False,False,False,False,False,False,True,False,True,True,False,False,True,False,False,True,True,True,False,False,False
goo.gl ,True,False,False,False,True,False,False,True,False,False,False,True,False,False,True,False,False,False,True,False,False,True,False,True,True,True,False,False,True,True,False,False,True,True,True,True,False,False
goodreads.com ,False,False,False,False,True,True,False,True,False,False,False,True,False,False,False,False,False,False,False,False,False,False,False,True,True,True,False,False,False,True,False,False,False,True,False,False,False,False
google-analytics.com ,False,True,False,False,True,False,False,True,False,True,False,False,False,True,True,False,False,False,True,False,False,True,False,True,True,False,True,True,False,True,True,False,False,False,True,True,False,True
google.ca ,True,True,True,False,False,True,True,True,True,False,False,True,False,True,True,True,False,False,False,False,False,True,False,True,True,True,False,True,True,True,False,False,True,True,True,True,False,False
google.com ,True,True,True,True,True,True,True,True,True,True,True,True,False,True,True,True,True,True,True,False,False,True,False,True,True,True,True,True,True,True,True,False,True,True,True,True,False,True
googleapis.com ,False,True,True,False,True,False,True,True,True,True,True,False,False,True,True,True,True,True,True,False,False,True,False,True,True,False,True,False,False,True,False,False,False,True,True,True,False,True
googlesyndication.com ,False,False,False,True,False,False,False,True,False,False,True,False,False,True,True,False,True,False,False,False,False,True,False,True,True,False,True,False,False,False,False,False,False,False,True,True,False,True
googletagmanager.com ,True,True,False,False,True,False,False,True,True,False,False,False,False,True,True,False,False,False,True,False,False,True,False,True,True,False,True,True,True,True,False,False,False,True,True,True,False,False
googleusercontent.com ,True,True,True,False,True,True,False,True,True,True,False,True,False,True,False,True,False,False,False,False,False,False,False,True,True,True,False,False,False,True,False,False,False,True,True,True,False,False
googlevideo.com ,False,True,True,False,True,False,False,True,True,True,False,False,False,False,True,True,True,True,True,False,False,True,False,True,True,False,True,True,False,True,False,False,False,False,True,True,False,True
gov.au ,True,False,False,False,True,False,False,False,False,False,False,True,False,True,False,False,False,False,False,False,False,True,False,True,False,True,False,True,False,False,False,False,False,True,False,False,True,False
gov.uk ,False,False,False,False,True,False,False,True,False,False,False,True,False,True,False,True,False,False,False,False,False,True,False,True,True,True,True,True,False,True,False,False,False,True,False,True,False,False
gravatar.com ,True,True,True,True,True,True,False,True,True,True,False,False,False,True,True,True,False,False,False,False,False,True,False,True,True,False,False,True,True,True,False,False,False,True,True,True,True,True
greenpeace.org ,True,False,False,False,False,False,False,False,False,True,False,True,False,False,False,False,False,False,True,False,False,False,False,True,False,True,False,False,False,True,False,False,True,True,False,False,False,False
gstatic.com ,False,True,False,False,True,False,False,True,True,False,True,False,False,True,True,False,True,True,True,False,False,True,False,True,True,False,True,False,False,True,False,False,False,True,True,True,False,True
harvard.edu ,False,True,True,True,True,False,False,False,True,False,False,True,False,True,False,False,False,False,False,False,False,False,False,True,True,True,True,True,True,True,False,False,True,True,True,True,False,False
huff.to ,True,False,False,False,True,False,False,True,False,False,False,True,False,False,False,False,False,False,False,False,False,False,False,False,False,True,True,False,False,True,False,False,False,True,True,False,False,False
huffingtonpost.ca ,True,False,False,False,False,False,False,True,False,False,False,True,False,True,False,False,False,False,False,False,False,False,False,True,True,True,False,False,False,True,False,False,True,True,True,True,False,False
huffingtonpost.com ,True,False,False,False,True,False,False,True,False,False,False,True,False,False,False,True,False,False,True,False,False,True,False,True,True,True,True,False,False,True,False,False,True,True,True,True,False,False
huffpost.com ,True,False,False,False,True,False,False,True,False,False,False,True,False,False,False,False,False,False,False,False,False,False,False,True,False,True,True,False,False,False,False,False,False,True,True,False,False,False
icloud.com ,False,False,False,False,True,False,False,True,False,False,False,False,False,False,False,False,True,False,False,False,False,False,False,True,True,True,False,False,False,True,False,False,False,True,True,True,False,False
indiegogo.com ,False,False,False,False,True,True,False,True,True,False,False,True,False,False,False,False,False,False,False,False,False,False,False,False,False,True,False,False,False,True,False,False,True,True,False,False,False,True
instagram.com ,False,False,False,False,True,False,False,True,True,False,False,True,False,False,True,False,False,False,False,False,False,True,False,True,True,True,False,False,False,True,False,False,True,True,True,True,False,False
issuu.com ,False,True,False,False,False,False,False,False,False,False,False,True,False,False,False,False,True,False,True,False,False,False,False,True,True,True,True,False,True,True,False,True,True,True,False,True,False,True
itunes.com ,False,False,False,True,True,False,False,False,True,False,False,False,False,True,True,False,False,False,False,False,False,False,False,False,True,False,False,False,False,True,False,False,False,True,False,True,False,False
kickstarter.com ,True,False,False,True,True,False,False,True,False,False,False,True,False,False,False,False,False,False,False,False,False,True,False,True,False,True,False,False,False,True,False,False,False,True,False,True,False,False
lapresse.ca ,False,False,False,False,False,False,False,False,False,False,False,True,False,True,False,False,False,False,False,False,False,True,False,True,True,True,False,False,False,True,False,False,True,True,False,False,False,False
latimes.com ,False,False,False,False,True,False,False,True,False,False,False,True,False,True,False,False,False,False,False,False,False,False,False,True,False,True,True,False,False,True,False,False,True,True,False,False,False,False
leaderpost.com ,True,False,False,False,False,False,False,True,False,False,False,True,False,True,False,False,False,False,False,False,False,True,False,True,False,False,False,False,False,False,False,False,True,True,False,True,False,False
lemonde.fr ,True,False,False,False,True,False,False,False,False,False,False,True,False,False,False,False,False,False,False,False,False,False,False,True,True,True,True,False,False,True,False,False,True,True,False,False,False,False
liberal.ca ,False,False,False,False,True,False,False,False,False,False,True,True,False,True,False,False,False,False,False,False,False,False,False,True,False,False,False,False,False,True,False,False,True,True,False,True,False,False
list-manage.com ,False,False,False,False,True,False,False,False,False,False,False,True,False,False,True,False,False,False,False,False,False,False,False,True,True,True,False,False,False,True,False,True,True,True,False,True,False,False
live.com ,False,True,False,False,True,False,False,True,False,False,False,True,False,False,False,False,False,False,False,False,False,False,False,True,True,True,False,False,False,True,False,False,False,True,False,True,False,False
livestream.com ,True,False,False,False,True,True,False,True,False,False,False,True,False,False,False,True,False,False,False,False,False,True,False,True,True,True,True,False,False,True,False,False,False,True,True,True,False,True
macleans.ca ,False,True,False,False,False,False,False,True,False,False,True,True,False,False,True,False,False,False,False,False,False,True,False,True,True,True,False,False,False,True,False,False,True,True,False,True,False,False
macromedia.com ,False,False,False,True,True,True,False,True,True,False,False,False,False,True,True,True,False,False,False,False,False,True,True,True,True,False,False,True,True,True,False,False,False,True,True,True,True,False
mailoutinteractive.com ,False,True,False,False,False,False,False,True,False,False,False,False,False,True,False,False,False,False,False,False,False,True,False,True,True,False,False,False,False,True,True,False,True,False,False,True,False,False
marketwired.com ,False,False,False,False,False,False,False,True,True,False,False,True,False,False,False,False,False,False,True,False,False,False,False,True,True,True,False,False,True,False,False,False,True,False,False,False,False,False
mb.ca ,False,False,False,False,False,False,False,True,False,False,False,True,False,True,False,False,False,False,False,False,False,True,False,True,True,False,False,False,False,True,True,False,False,True,True,False,False,True
mcgill.ca ,False,False,False,True,True,False,False,False,False,False,False,True,False,False,False,False,False,False,False,False,False,True,False,True,True,True,False,True,True,True,False,False,True,True,False,True,False,False
metronews.ca ,True,False,True,False,False,False,False,True,False,False,False,True,False,False,True,False,False,False,False,False,False,True,False,True,False,True,False,False,False,True,False,False,True,True,False,True,False,False
microsoft.com ,True,True,False,False,True,False,False,True,True,True,False,True,False,True,True,False,False,False,False,False,False,True,True,True,True,False,False,False,False,True,False,False,False,True,True,True,True,False
montrealgazette.com ,True,False,False,False,False,False,False,True,False,False,False,True,False,True,False,False,False,False,False,False,False,True,False,True,False,True,False,False,False,True,False,False,True,True,False,False,False,False
mozilla.org ,False,True,False,False,True,False,False,True,False,False,False,False,False,True,False,False,False,False,False,False,False,True,False,True,True,False,False,False,False,True,False,False,False,True,True,True,False,False
msn.com ,False,False,False,False,True,True,False,True,False,False,False,True,False,False,False,False,False,False,False,False,False,True,False,True,True,True,True,False,False,True,False,False,True,True,True,False,False,False
msnbc.com ,False,False,False,False,True,False,False,False,False,False,False,True,False,False,False,False,False,False,False,False,False,True,False,True,True,True,False,False,False,True,False,False,True,True,False,True,False,False
myshopify.com ,True,False,False,False,True,False,False,True,False,False,False,True,False,False,False,False,False,False,False,False,False,False,False,True,True,True,False,False,False,False,False,False,True,True,False,False,False,False
myspace.com ,False,True,False,False,True,True,False,True,False,False,False,True,False,False,False,False,False,False,False,False,False,True,False,True,True,True,False,False,False,True,False,False,False,True,True,True,False,False
nasa.gov ,False,False,False,False,True,False,False,True,True,False,False,True,False,False,False,False,False,False,True,False,False,True,False,True,True,False,False,False,False,True,False,False,True,True,False,False,False,False
nationalpost.com ,True,False,False,False,False,False,False,True,True,False,True,True,False,True,True,False,False,False,False,False,False,False,False,True,False,True,False,False,False,True,False,False,True,True,False,True,False,False
nbcnews.com ,False,False,False,False,True,False,False,False,False,False,False,True,False,False,False,False,False,False,False,False,False,False,False,True,False,True,True,False,False,True,False,False,True,True,False,True,False,False
newrelic.com ,True,False,False,False,True,False,False,False,False,False,False,False,False,True,False,False,False,False,True,False,False,True,False,True,True,True,False,False,True,True,True,False,False,True,False,True,True,False
newswire.ca ,False,False,False,False,False,False,False,False,False,False,False,True,False,True,False,False,False,False,False,False,False,True,False,True,True,False,False,False,False,True,False,False,True,True,False,True,False,False
newyorker.com ,False,False,False,False,True,False,False,False,False,False,False,True,False,False,False,True,False,False,False,False,False,True,False,True,False,True,True,False,False,False,False,False,True,True,False,False,False,False
nexac.com ,False,True,False,True,True,False,False,True,True,True,True,False,False,True,True,True,True,False,False,False,False,True,False,False,True,False,True,False,False,True,False,False,False,False,False,True,False,False
nfb.ca ,False,False,False,False,False,False,False,False,True,True,False,True,False,True,False,False,False,False,False,False,False,False,False,True,False,False,False,False,False,True,True,False,False,True,False,True,False,False
nih.gov ,True,False,True,False,True,False,False,False,False,False,False,True,False,True,False,False,False,False,False,False,False,True,False,False,True,False,False,False,False,True,False,False,True,True,False,True,False,False
npr.org ,False,False,False,False,False,False,False,True,False,False,False,True,False,True,False,False,False,False,False,False,False,True,False,True,False,True,True,False,False,True,False,False,False,True,True,False,False,False
ns.ca ,False,False,False,False,False,False,False,False,False,False,False,True,False,True,False,False,False,False,False,False,False,False,False,True,True,False,False,False,False,True,True,False,True,True,False,True,False,False
nytimes.com ,True,False,False,False,True,False,False,True,False,False,False,True,False,True,False,True,False,False,False,False,False,True,False,True,True,True,True,True,False,True,False,False,True,True,True,True,False,False
oecd.org ,True,False,False,False,False,False,False,False,False,False,False,True,False,True,False,False,False,False,False,False,False,True,False,True,True,True,False,False,False,False,True,False,False,True,False,True,False,False
ogp.me ,True,True,False,True,True,False,False,True,False,False,False,False,False,True,False,False,False,False,False,False,False,True,False,True,True,True,False,False,False,False,False,False,False,False,False,True,False,False
on.ca ,True,False,False,False,False,False,False,False,False,False,False,True,False,True,True,False,False,False,False,False,False,True,True,True,True,False,False,True,False,True,False,False,True,True,False,True,True,False
oracle.com ,False,True,True,False,False,False,False,False,False,False,False,False,False,False,False,False,False,False,False,False,False,True,False,True,True,False,False,False,False,True,False,False,False,True,False,True,True,False
org.uk ,False,False,False,True,True,False,False,False,True,False,False,True,False,True,False,True,False,False,False,False,False,True,False,True,True,True,True,True,False,True,False,False,True,True,False,True,False,False
ottawacitizen.com ,True,False,False,False,False,False,False,True,False,False,True,True,False,True,False,False,False,False,True,False,False,True,False,True,True,True,False,False,False,True,False,True,True,True,False,False,False,False
ow.ly ,False,False,False,False,True,False,True,True,False,False,False,True,False,False,False,False,False,True,False,False,False,True,False,True,False,True,False,False,False,True,False,False,True,True,True,False,False,False
paypal.com ,False,False,False,True,True,False,False,False,False,False,False,False,False,True,False,False,False,False,False,False,False,True,False,True,True,False,False,False,False,True,False,False,True,True,False,True,False,False
pbs.org ,False,False,False,False,True,False,False,True,False,False,False,True,False,False,False,False,False,False,False,False,False,False,False,True,True,True,True,False,False,True,False,False,True,True,False,True,False,False
photobucket.com ,False,True,False,False,False,False,False,False,False,False,False,True,False,False,False,True,False,False,False,False,False,True,False,True,False,True,False,False,False,True,False,False,False,True,False,True,False,False
pinterest.com ,True,False,False,False,True,False,False,True,False,False,False,True,False,False,False,False,False,True,False,False,False,True,False,True,True,True,True,True,False,True,False,False,True,True,True,True,False,False
postmedia.com ,True,False,False,False,False,False,False,True,False,False,True,True,False,False,False,False,False,False,False,False,False,True,False,True,True,False,False,False,False,False,False,False,False,True,False,True,False,False
prezi.com ,False,False,False,False,False,False,False,True,True,False,False,True,False,True,True,True,False,False,False,False,False,False,False,False,False,True,False,False,False,False,False,False,False,True,False,True,False,False
pubmatic.com ,False,False,False,True,False,False,False,True,False,False,True,False,False,False,True,False,False,False,True,False,False,True,False,False,True,False,True,False,False,False,False,False,False,False,False,True,False,False
purl.org ,True,True,True,True,True,True,True,True,True,False,False,False,False,True,True,True,False,True,True,False,False,True,False,True,True,False,False,True,True,True,True,True,False,True,True,True,False,True
qc.ca ,False,False,False,False,False,False,False,True,False,False,False,True,False,True,False,False,False,False,False,False,False,True,False,True,True,True,False,True,False,True,True,False,True,True,False,True,False,False
rabble.ca ,True,False,True,False,False,True,False,True,False,False,False,True,False,True,True,False,False,False,False,False,False,False,False,True,False,True,False,False,False,False,False,False,True,True,True,False,False,False
radio-canada.ca ,False,False,False,False,False,False,False,True,False,False,False,True,False,False,False,False,False,False,False,False,False,False,False,True,True,True,False,True,True,True,False,False,True,True,False,True,False,False
reddit.com ,False,False,False,False,True,False,False,True,False,False,False,True,False,False,True,True,False,False,False,False,False,False,False,True,True,True,False,False,False,False,False,False,True,True,True,True,False,False
resource.org ,False,True,True,True,True,False,False,True,True,False,False,False,False,True,True,True,False,False,True,False,False,True,False,True,True,False,False,True,True,True,False,True,False,True,True,True,False,True
rogers.com ,True,False,False,False,True,False,False,True,False,False,True,False,False,False,True,False,False,False,False,False,False,False,False,True,True,False,False,False,False,True,False,False,True,True,True,True,False,False
rogersmedia.com ,True,False,False,False,False,False,False,True,False,False,True,False,False,False,False,False,False,False,False,False,False,False,False,True,True,False,False,False,False,False,False,False,True,True,True,True,False,False
rt.com ,False,False,False,False,True,False,False,False,False,True,False,True,False,False,False,False,False,False,False,False,False,False,False,True,False,True,True,False,False,True,False,False,True,True,False,False,False,False
schema.org ,False,True,True,True,True,False,False,True,True,False,True,False,False,True,True,True,True,False,True,False,False,True,False,True,True,False,True,False,False,True,True,False,False,True,True,True,False,True
scribblelive.com ,True,False,False,False,True,False,False,True,False,False,False,True,False,False,False,False,False,False,False,False,False,False,False,True,True,True,False,False,False,False,False,False,True,True,True,False,False,False
scribd.com ,False,False,False,False,True,False,False,True,False,False,False,True,False,False,True,False,False,False,False,False,False,False,False,True,True,True,True,False,False,True,False,False,True,True,False,False,False,False
sfu.ca ,True,False,True,False,True,False,False,False,True,False,False,True,False,False,False,False,False,False,False,False,False,False,False,True,True,True,False,True,True,True,False,False,False,True,False,True,False,False
sharethis.com ,False,True,False,True,True,False,False,True,True,True,False,False,False,True,True,True,False,False,False,False,False,False,False,True,True,False,True,False,False,True,False,False,False,True,True,True,False,False
shaw.ca ,True,True,False,False,True,False,False,True,True,False,False,True,False,False,False,False,False,False,False,False,False,False,False,True,True,False,False,False,False,True,False,False,False,False,True,True,False,False
sk.ca ,True,False,False,False,False,False,False,False,False,False,False,True,False,True,False,False,False,False,False,False,False,True,True,True,True,False,False,False,False,True,False,False,True,True,False,True,True,False
slate.com ,False,False,False,False,True,False,False,True,False,False,False,True,False,True,False,False,False,False,False,False,False,False,False,True,False,True,True,False,False,True,False,False,True,True,False,False,False,False
slideshare.net ,False,False,False,False,True,False,False,True,True,False,False,True,False,True,True,False,False,False,True,False,False,True,False,True,True,True,False,True,False,True,False,False,True,True,False,True,False,False
soundcloud.com ,True,False,True,True,True,True,False,True,True,False,True,True,False,False,True,True,True,False,True,False,False,True,False,True,True,True,True,True,True,True,False,False,True,True,True,True,False,True
sourceforge.net ,False,False,True,False,False,False,False,True,True,False,False,False,False,True,False,False,False,False,False,False,False,True,False,False,True,False,False,True,False,True,False,False,False,False,False,True,False,False
spotxchange.com ,False,False,False,True,False,False,False,True,False,False,True,False,False,False,True,False,False,False,True,False,False,True,False,True,False,False,True,False,False,True,False,False,False,True,False,False,False,False
squarespace.com ,False,True,False,False,True,False,False,True,True,False,False,True,False,True,False,False,False,False,False,False,False,True,False,True,True,True,False,False,False,True,False,False,True,False,False,False,False,True
stanford.edu ,False,False,False,False,True,False,False,False,False,False,False,True,False,True,False,False,False,False,False,False,False,True,False,False,False,True,True,True,False,False,False,False,False,True,False,True,False,False
state.gov ,False,False,False,False,True,False,False,False,False,False,False,True,False,False,False,False,False,False,True,False,False,False,False,True,True,True,True,False,True,True,False,False,False,True,False,False,False,False
storify.com ,True,False,True,False,True,False,False,True,True,False,True,True,False,True,True,True,True,False,False,False,False,True,False,True,True,True,True,False,False,True,False,False,True,True,True,True,False,False
straight.com ,True,False,True,False,False,False,False,False,False,False,False,True,False,True,False,False,False,False,False,False,False,False,False,True,True,True,False,False,False,True,False,False,True,True,True,False,False,False
stumbleupon.com ,False,True,False,False,True,False,False,True,False,False,False,False,False,False,False,False,False,False,False,False,False,True,False,True,True,False,False,False,False,True,False,False,False,True,True,True,False,False
suncor.com ,False,False,False,False,False,False,False,True,False,False,False,True,False,False,False,False,False,False,True,False,False,True,False,True,True,False,False,False,True,False,False,True,True,False,False,True,False,False
surveymonkey.com ,True,True,False,False,True,False,False,True,False,False,False,True,False,True,False,False,False,False,False,False,False,True,False,True,True,False,False,False,False,True,True,False,True,True,False,False,False,False
telus.com ,True,True,False,False,True,False,False,True,True,False,False,False,False,False,False,False,False,False,False,False,False,False,False,True,True,False,False,False,True,True,False,False,False,False,False,True,False,False
theglobeandmail.com ,True,False,True,False,True,False,True,True,True,True,True,True,False,True,True,False,False,False,False,False,False,True,False,True,True,True,True,False,True,True,False,True,True,True,True,True,False,False
theguardian.com ,True,False,False,False,True,False,False,True,False,False,True,True,False,False,False,False,False,False,False,False,False,True,False,True,True,True,True,True,False,True,False,False,True,True,True,False,False,False
theprovince.com ,True,False,False,False,False,False,False,True,False,False,False,True,False,True,False,False,False,False,False,False,False,False,False,True,False,True,False,False,False,False,False,False,True,True,True,True,False,False
thestar.com ,True,False,False,False,False,False,False,True,False,False,False,True,False,True,True,False,False,False,False,False,False,True,False,True,False,True,False,False,False,True,False,False,True,True,True,True,False,False
thestarphoenix.com ,True,False,False,False,False,False,False,True,False,False,False,True,False,True,False,False,False,False,False,False,False,True,False,True,False,False,False,False,False,True,False,False,True,True,False,False,False,False
thetyee.ca ,True,False,False,False,False,False,True,True,False,True,False,True,False,True,False,False,False,False,False,False,False,False,False,True,False,True,False,False,False,True,False,False,True,True,True,False,False,False
theweathernetwork.com ,True,True,False,False,False,False,False,True,False,False,False,True,False,False,False,False,False,False,False,False,False,False,False,True,True,False,False,False,False,True,False,False,True,True,False,True,False,False
tidaltv.com ,False,False,False,True,False,False,False,True,False,False,True,False,False,False,True,False,True,False,False,False,False,True,False,True,False,False,True,False,False,True,False,False,False,False,False,False,False,False
tinyurl.com ,False,False,False,False,True,False,False,True,False,False,False,True,False,True,False,False,False,False,False,False,False,True,False,True,False,True,False,False,False,True,False,False,True,True,False,True,False,False
torontosun.com ,False,False,False,False,False,False,False,True,False,False,False,True,False,True,True,False,False,False,False,False,False,True,False,True,False,False,False,False,False,False,False,False,True,True,True,False,False,False
tumblr.com ,True,False,False,True,True,True,False,True,True,False,False,True,False,True,True,False,True,False,False,False,False,True,False,True,True,True,True,True,False,True,False,False,True,True,True,True,False,True
twimg.com ,True,True,False,False,False,False,False,True,False,False,False,True,False,False,True,False,False,False,False,False,False,True,False,True,True,True,True,False,False,True,False,False,True,True,False,False,False,True
twitch.tv ,False,False,False,True,True,False,False,True,True,False,False,True,False,False,False,False,False,False,False,False,False,False,False,False,False,True,False,False,False,True,False,False,True,True,False,False,False,False
twitter.com ,True,True,True,True,True,True,True,True,True,True,True,True,False,True,True,True,False,True,True,False,False,True,False,True,True,True,True,True,True,True,False,False,True,True,True,True,False,True
typekit.com ,False,True,False,False,True,False,False,True,False,False,False,False,False,False,True,False,True,False,False,False,False,True,False,True,True,False,False,False,False,True,True,False,False,False,True,True,False,False
typepad.com ,True,False,True,False,True,False,False,False,False,False,False,True,False,False,False,False,False,False,False,False,False,True,False,True,True,True,False,False,False,True,False,False,True,True,False,True,False,False
typography.com ,True,False,False,False,True,False,False,True,False,False,True,False,False,False,True,False,False,False,True,False,False,True,False,True,True,False,False,False,False,True,False,False,False,True,False,True,False,False
ualberta.ca ,True,False,True,True,False,False,False,True,True,False,False,True,False,True,False,False,False,False,False,False,False,True,False,True,True,False,False,True,True,True,True,False,True,True,False,True,False,False
ubc.ca ,False,True,False,False,False,False,False,True,True,True,False,True,False,True,False,False,False,False,True,False,False,True,False,True,True,False,False,True,True,True,False,False,True,True,False,True,False,False
ucalgary.ca ,True,False,False,False,True,False,False,False,False,False,False,True,False,True,False,False,False,False,True,False,False,False,False,True,True,True,False,True,True,True,False,False,True,True,False,True,False,False
un.org ,True,False,False,False,True,False,False,True,False,False,False,True,False,False,False,False,False,False,False,False,False,True,False,True,False,True,True,False,False,True,False,False,False,True,False,False,False,False
usask.ca ,False,False,False,False,True,False,False,False,False,False,False,True,False,True,False,False,False,False,False,False,False,False,True,True,True,False,False,True,True,True,False,False,False,True,False,True,True,False
usatoday.com ,False,False,False,False,True,False,False,True,False,False,False,True,False,True,False,False,False,False,False,False,False,True,False,True,False,True,True,False,False,True,False,False,True,True,True,True,False,False
ustream.tv ,True,True,False,False,True,False,False,True,False,False,False,True,False,False,False,True,False,False,False,False,False,False,False,True,True,True,False,False,False,True,False,False,False,True,False,True,False,False
utoronto.ca ,False,False,False,False,True,False,False,False,False,False,False,True,False,True,True,False,False,False,False,False,False,False,False,True,True,True,False,True,True,False,False,False,False,True,False,True,False,False
uvic.ca ,False,False,True,False,False,False,True,False,True,True,False,True,True,True,False,True,False,True,False,False,False,False,False,True,True,False,False,True,False,False,False,False,True,True,False,False,False,False
uwaterloo.ca ,False,False,False,False,False,False,False,False,True,False,False,True,False,True,False,False,False,False,False,False,False,True,False,True,True,False,False,True,True,False,True,False,True,True,False,True,False,False
vancouversun.com ,True,True,False,False,False,False,False,True,False,True,False,True,False,True,False,False,False,False,False,False,False,True,False,True,True,True,False,False,False,True,False,False,True,True,True,True,False,False
verticalresponse.com ,False,False,False,False,True,False,False,True,False,True,False,True,False,False,False,False,False,False,False,False,False,True,False,True,True,True,False,False,False,False,False,False,False,True,False,False,False,False
vice.com ,False,False,False,False,True,False,False,True,False,False,False,True,False,False,True,False,False,False,False,False,False,False,False,True,False,True,True,False,False,True,False,False,True,True,False,False,False,False
vimeo.com ,True,True,True,True,True,True,False,True,True,True,False,True,False,True,True,True,True,True,True,False,False,True,False,True,True,True,True,True,True,True,False,True,True,True,True,True,False,True
vimeocdn.com ,False,True,True,True,True,True,False,False,False,False,False,False,False,False,True,False,False,False,False,False,False,True,False,True,False,False,True,False,False,False,False,False,False,False,False,True,False,True
vine.co ,True,False,False,False,True,False,False,True,False,False,False,True,False,False,True,False,False,False,False,False,False,True,False,True,False,True,True,False,False,True,False,False,True,True,False,False,False,True
virool.com ,False,True,False,False,False,True,False,True,False,True,False,False,False,False,False,False,True,False,False,False,False,True,False,True,True,False,False,False,False,False,False,False,False,False,False,True,False,False
vk.com ,False,False,False,False,True,False,False,True,False,False,True,True,False,False,False,False,False,False,False,False,False,True,False,False,True,True,True,False,False,True,False,False,False,True,True,False,False,False
w.org ,False,True,True,False,True,False,False,True,True,True,False,False,False,True,True,True,False,False,True,False,False,True,False,True,True,False,True,False,False,True,True,False,False,False,False,True,False,True
w3.org ,True,True,True,False,True,True,False,True,True,False,True,False,False,True,True,True,False,False,True,False,False,True,False,True,True,False,True,True,True,True,True,True,False,True,True,True,False,True
washingtonpost.com ,False,False,False,False,True,False,False,True,False,False,False,True,False,False,False,True,False,False,False,False,False,False,False,True,False,True,True,False,False,True,False,False,True,True,True,False,False,False
weather.ca ,True,True,False,False,False,False,True,True,False,False,False,False,False,False,True,False,False,True,False,False,False,False,False,True,True,False,False,False,False,True,False,False,False,True,False,True,False,False
weebly.com ,False,False,False,False,True,False,False,False,True,False,False,True,False,False,False,False,False,False,False,False,False,True,False,False,True,True,False,True,False,True,False,False,True,True,True,True,False,False
wellformedweb.org ,False,True,False,True,True,False,False,True,True,False,False,False,False,True,False,True,False,False,True,False,False,True,False,True,True,False,False,False,True,True,False,True,False,True,True,True,False,False
whitehouse.gov ,False,False,False,False,True,False,False,False,True,False,False,True,False,False,False,False,False,False,True,False,False,True,False,True,False,True,True,False,False,True,False,False,False,True,False,False,False,False
wikia.com ,True,False,False,False,False,False,False,False,False,False,False,True,False,False,False,False,False,False,False,False,False,True,False,True,False,True,False,False,False,True,False,False,True,True,False,True,False,False
wikimedia.org ,True,False,False,True,True,False,False,True,False,False,False,True,False,False,True,False,False,False,False,False,False,True,False,True,False,True,False,True,False,True,False,False,False,True,True,False,False,False
wikipedia.org ,True,False,True,False,True,False,False,True,False,True,False,True,False,True,True,False,False,False,False,False,False,True,False,True,True,True,True,True,True,True,False,False,True,True,True,True,False,False
winnipegfreepress.com ,False,False,True,False,False,False,False,True,False,False,False,True,False,True,False,False,False,False,False,False,False,True,False,True,True,True,False,False,False,True,False,False,True,True,False,True,False,False
wired.com ,False,False,False,False,True,True,False,False,False,False,False,True,False,False,False,True,False,False,False,False,False,True,False,True,False,True,True,False,False,True,False,False,True,True,False,False,False,False
wordpress.com ,True,True,True,True,True,True,True,True,True,True,True,True,False,True,True,True,True,False,False,True,False,True,False,True,True,True,True,True,True,True,True,False,True,True,True,True,False,True
wordpress.org ,False,True,True,True,True,True,False,True,True,True,False,False,False,True,True,True,False,False,True,False,False,True,False,True,True,False,True,False,False,True,True,True,False,True,True,True,False,True
wp.com ,True,True,False,True,True,True,False,True,True,True,True,True,False,False,True,True,True,False,False,True,False,True,False,True,True,False,False,False,False,True,True,False,False,True,True,True,False,True
wp.me ,True,True,True,True,True,True,False,True,True,True,True,True,False,False,True,True,True,False,False,True,False,True,False,True,True,True,False,True,False,True,False,False,False,True,True,True,False,True
wsj.com ,True,False,False,False,True,False,False,True,False,False,False,True,False,True,False,False,False,False,False,False,False,False,False,True,False,True,True,False,False,True,False,False,True,True,False,False,False,False
wufoo.com ,True,False,False,False,False,False,False,True,False,False,False,False,False,True,True,False,False,False,False,False,False,False,False,False,True,True,False,False,False,True,False,False,False,True,False,True,False,True
yahoo.com ,True,True,False,False,True,True,False,True,False,False,True,True,False,True,False,True,False,True,False,False,False,True,False,True,True,True,True,True,False,True,True,False,True,True,True,True,False,False
yimg.com ,True,False,False,False,True,False,False,True,False,False,True,True,False,False,False,False,True,True,False,False,False,True,False,True,True,False,False,False,False,False,False,False,False,True,True,True,False,False
youtu.be ,False,True,True,False,True,True,False,False,True,True,False,False,False,True,True,True,False,True,True,False,False,True,False,True,True,False,True,False,False,True,False,False,False,True,True,True,False,False
youtube-nocookie.com ,True,True,True,True,True,True,False,True,True,True,False,True,False,True,True,False,False,True,True,False,False,True,False,True,True,False,True,False,False,True,False,False,False,True,True,True,False,True
youtube.com ,True,True,True,True,True,True,False,True,True,True,True,True,False,True,True,True,True,True,True,False,False,True,False,True,True,True,True,True,True,True,True,True,True,True,True,True,True,True
ytimg.com ,True,False,True,False,True,False,False,True,False,True,False,False,False,True,True,False,False,True,True,False,False,True,False,True,True,False,True,False,False,True,False,False,False,True,True,True,False,True
